job;company;ssn;residence;current_location;blood_group;website;username;name;sex;address;mail;birthdate
Furniture conservator/restorer;Potts and Sons;261-41-9484;"130 Vargas Trail Apt. 244
North Rebecca, WV 12816";(Decimal('-27.9623815'), Decimal('75.091620'));B-;['https://www.mclaughlin.com/', 'http://www.gibson.info/', 'http://www.logan.biz/', 'https://walton.com/'];scottmercado;Russell Whitaker;M;"9023 Julie Highway
Jonathanfurt, NE 70139";ghart@gmail.com;1946-09-11
Contracting civil engineer;Hatfield Group;878-83-6667;"558 Andrea Prairie Apt. 869
Geraldside, TX 73555";(Decimal('-5.886452'), Decimal('105.424264'));O+;['https://curry-mitchell.com/'];lhansen;Edward Mcdonald;M;"58853 Jennifer Brooks Suite 754
Michaelfort, OH 05214";emoore@yahoo.com;1940-10-02
Estate agent;Harrison-Larsen;780-62-6737;"USS Walters
FPO AA 57066";(Decimal('-16.818435'), Decimal('-24.144586'));B-;['http://www.brooks.com/'];huertaanthony;Randall Baldwin;M;"320 Cynthia Light
Port Alyssa, NC 58746";thompsonphillip@yahoo.com;1986-12-13
Psychologist, occupational;Welch-Ward;051-51-3449;"6444 Herrera Mills
Tonyabury, UT 75601";(Decimal('-68.5063845'), Decimal('-172.417969'));A+;['http://dixon.com/'];cmartinez;Micheal Parker;M;"03834 Crystal Land Suite 820
New Michelleberg, MI 30441";nrichard@hotmail.com;1946-12-05
Administrator;Grant-Santos;532-83-7870;"814 Anna Mountains
Port Tyrone, MS 08953";(Decimal('65.854303'), Decimal('92.687064'));B+;['http://www.richardson-rodriguez.org/', 'http://sutton.com/', 'http://morales.info/'];floresdenise;Mike Johnson;M;"660 Daniel Springs Apt. 789
Hansonton, PA 38505";millerwilliam@gmail.com;1910-11-08
Scientist, research (life sciences);Anderson-Moore;727-70-1065;"6866 William Stream
Mendezbury, KY 97691";(Decimal('86.7483795'), Decimal('-7.960334'));B+;['http://rivers.net/', 'http://johnson.org/'];westerin;Marc Cruz;M;"88570 Martinez Club
New Jeffreyview, VT 84930";esimon@yahoo.com;1972-05-21
Senior tax professional/tax inspector;Thomas Group;325-37-1517;"860 Lisa Key Apt. 624
North Justinport, UT 24303";(Decimal('-25.4088705'), Decimal('-45.907799'));O-;['http://www.brown-tanner.com/', 'http://jones.info/'];stephanie24;Charles Ruiz;M;"34332 Sanchez Square Apt. 595
Port Angela, IL 57659";ktrevino@hotmail.com;1911-01-31
Engineer, structural;Ramirez, Buckley and Goodwin;086-25-1223;"0410 Moore Stravenue
Evansfurt, MO 93743";(Decimal('69.582762'), Decimal('-73.872840'));B-;['https://www.green-fox.com/', 'https://www.day.org/'];zswanson;Jason Pollard;M;"5247 Mayer Fort
Huntside, RI 36886";matthewharris@gmail.com;1957-09-08
Public affairs consultant;Wilkins and Sons;006-06-6761;"1146 Heather Street Apt. 468
Pamelahaven, NM 11861";(Decimal('76.172761'), Decimal('93.731384'));O-;['https://white-malone.net/', 'https://peters.com/', 'https://www.meyer.biz/'];jaimeleach;Mr. Bruce Gallegos;M;"4812 Karen Walk Apt. 947
North Wandashire, ME 97503";williamwilliams@hotmail.com;2010-10-30
Journalist, magazine;Walker LLC;393-33-9356;"69656 Andrew Cliff Apt. 672
Amytown, VA 62018";(Decimal('57.936957'), Decimal('-36.873322'));AB-;['http://www.white-matthews.com/', 'http://taylor-gordon.com/', 'http://www.valencia.com/'];gary09;Roger Thompson;M;"24233 Phillip Avenue
Murillomouth, DC 62376";nphillips@hotmail.com;2008-06-01
Public relations account executive;Vazquez Group;495-65-9134;"38064 Daniels Ways
South Johnton, SC 29155";(Decimal('25.7817215'), Decimal('-142.868969'));AB+;['http://www.davis.net/', 'https://wilson.com/', 'https://gonzalez-scott.info/'];johnperez;Steven Kirk;M;"Unit 2377 Box 7165
DPO AE 06242";christine53@gmail.com;1957-02-23
Nature conservation officer;Fisher-Garcia;093-37-0461;"1616 Johnson Manor Apt. 816
Lake Cindy, FL 87520";(Decimal('-1.879569'), Decimal('-18.670731'));AB-;['https://jones.com/'];guerrerosteven;Eric Moreno;M;"96824 Carpenter Shore
East Kyle, SD 62456";kathleen91@yahoo.com;2021-08-19
Market researcher;May, Smith and Cantrell;705-35-5421;"28301 Laura Ramp
New Adamberg, PA 65287";(Decimal('44.895741'), Decimal('15.166895'));O+;['http://www.martin.com/', 'http://www.quinn.info/'];cheryl66;Cameron Callahan;M;"685 Hutchinson Walk
Gracemouth, IN 89369";patricia61@hotmail.com;1925-05-08
Estate agent;Davis-Frank;003-79-1435;"334 Robert Highway
West Todd, MI 07307";(Decimal('76.7704665'), Decimal('97.285513'));A-;['http://www.kelly.com/', 'http://king.info/'];xbeck;David Young;M;"1708 Kristin Fords Apt. 745
Rossstad, WI 16044";piercechristine@hotmail.com;1909-08-04
Garment/textile technologist;Odonnell PLC;772-05-4644;"6826 Anna Drive
Robertville, SC 16407";(Decimal('-65.932806'), Decimal('138.658556'));AB+;['http://www.bell.biz/', 'http://www.pugh.org/'];lopezalbert;Jason Myers;M;"935 Davis Dale
Port Joseview, LA 91443";christopher16@hotmail.com;2012-04-10
Audiological scientist;Carey-Hinton;855-84-9641;"PSC 3672, Box 6977
APO AP 64354";(Decimal('45.008535'), Decimal('161.008264'));A-;['https://www.mccarthy.com/', 'https://www.olsen.net/'];johnsimmons;Jeffrey Cook;M;"4483 Wright Union
Alexanderstad, IL 92051";jenniferdelacruz@yahoo.com;1973-04-06
Chief Technology Officer;Reyes Ltd;030-85-7100;"8496 Hicks Mill
North Charles, ID 96784";(Decimal('-65.492736'), Decimal('-60.638112'));A+;['http://hill.net/'];parksjoshua;Daniel Bell;M;"22525 Stephen Court
Williamstown, KS 36711";xscott@yahoo.com;2017-07-10
Clinical embryologist;Knight, Perez and Davis;798-74-0145;"956 Smith Course
Anthonyport, MN 97554";(Decimal('-85.0509575'), Decimal('-159.952776'));AB+;['https://white.info/'];ifletcher;Joseph Brooks;M;"8473 Elliott Hill
Sarahfurt, MI 94970";santiagostephanie@hotmail.com;1995-09-07
Seismic interpreter;Hopkins-Tyler;081-36-8395;"173 Garcia Manors
Coryview, ND 25442";(Decimal('59.904525'), Decimal('-84.764846'));B+;['https://brown-welch.com/', 'https://lee.com/', 'http://www.hooper.com/'];kristine85;Steven Lewis;M;"482 Tammy Crossing
Howellchester, WY 99006";xdavid@gmail.com;1981-11-21
Operations geologist;Freeman, Dennis and Lopez;523-70-1003;"80487 Robert Vista
West Cody, SC 90911";(Decimal('37.404513'), Decimal('-52.114731'));A+;['http://www.nielsen.org/'];craigrodriguez;Jason Campbell;M;"0314 Woods Trail
South Nicolestad, AR 14849";cwood@hotmail.com;2007-09-23
Naval architect;Frank, Cross and Martin;752-78-4617;"Unit 1002 Box 7617
DPO AE 48472";(Decimal('89.3354345'), Decimal('-127.638138'));AB+;['http://www.montgomery.info/', 'http://www.cunningham-smith.info/'];xrice;Andres Brown;M;"8329 Lee Mills Suite 383
Stephaniefurt, OK 01001";fyoung@yahoo.com;1920-05-05
Pensions consultant;Russell-Pineda;832-32-9343;"53063 Cervantes Spurs Suite 415
Jacobmouth, WV 03405";(Decimal('-65.011034'), Decimal('-132.837981'));AB+;['http://johnson-massey.net/', 'https://www.bass.net/', 'https://www.myers.com/'];katherine90;James Hobbs;M;"094 Deborah Walks Apt. 000
Walkerside, MS 03881";paul73@yahoo.com;1998-11-21
Field seismologist;Stone Ltd;099-21-0044;"2596 White Spur Suite 741
Bartonburgh, OK 21542";(Decimal('50.7339405'), Decimal('27.178737'));AB+;['http://www.taylor.com/', 'http://www.lin.com/', 'https://www.downs.biz/'];hobbsstephanie;Michael Johnson;M;"2635 Nicole View
South Mitchellburgh, DE 02766";angelajackson@yahoo.com;2017-01-01
Immigration officer;Martinez Ltd;567-94-4888;"74921 Smith Run Suite 183
Jasonmouth, MA 25952";(Decimal('-71.0729035'), Decimal('-41.469445'));AB-;['http://soto-hood.com/', 'http://www.vargas.net/', 'http://bowers-long.com/'];perezstacie;Ricky Chambers;M;"PSC 9908, Box 1506
APO AP 58119";nscott@hotmail.com;1998-04-14
Research scientist (life sciences);Yu-Burton;148-31-2284;"381 Nicole Turnpike
Ayersstad, MO 44560";(Decimal('-86.5477545'), Decimal('-9.513236'));AB+;['http://www.olson-mcknight.com/'];gruiz;Matthew Marshall;M;"6375 Sanchez Grove Apt. 234
Joneschester, WV 45815";tgillespie@gmail.com;1986-03-06
Engineer, manufacturing;Villa Inc;540-12-5082;"PSC 5987, Box 7763
APO AA 72269";(Decimal('-57.4602005'), Decimal('-69.470439'));O+;['https://moore-taylor.biz/', 'https://www.west.com/'];iancunningham;Donald Hoffman;M;"4992 Christopher Trail
Port Arthur, HI 66636";wilsondavid@hotmail.com;1997-10-20
Commercial/residential surveyor;Lopez-Villa;281-34-6127;"40913 Katelyn Parkways
Carolhaven, CT 03439";(Decimal('-85.355535'), Decimal('25.155471'));B-;['http://www.tucker.biz/', 'https://www.ferguson-gray.com/', 'http://www.clark-bennett.com/'];vmason;Carlos Cunningham;M;"54950 Reyes Stravenue
Laurentown, WV 95728";ytaylor@hotmail.com;1971-09-17
